City_ID,City,Lat,Lng,Max Temp,Humidity,Cloudiness,Wind Speed,Country,Date,Clouds (Numberic)
0,puerto natales,-51.7236,-72.4875,57.65,47,broken clouds,18.41,CL,2024-12-09 12:05:18,75
1,port elizabeth,-33.918,25.5701,75.49,90,scattered clouds,6.91,ZA,2024-12-09 12:05:19,40
2,ust-nera,64.5667,143.2,-6.74,99,overcast clouds,3.31,RU,2024-12-09 12:05:20,100
3,boyolangu,-8.1181,111.8935,77.52,91,overcast clouds,2.35,ID,2024-12-09 12:05:21,100
4,lindley,-27.8791,27.9135,78.49,21,clear sky,2.35,ZA,2024-12-09 12:05:22,2
5,albany,42.6001,-73.9662,37.54,79,light rain,3.94,US,2024-12-09 12:05:24,100
6,ushuaia,-54.8,-68.3,55.06,47,clear sky,11.5,AR,2024-12-09 12:00:28,0
7,atafu village,-8.5421,-172.5159,82.27,74,overcast clouds,7.78,TK,2024-12-09 12:05:26,100
8,ballina,-28.8667,153.5667,73.94,95,light rain,1.48,AU,2024-12-09 12:05:27,100
9,st. john's,47.5649,-52.7093,40.96,88,overcast clouds,23.02,CA,2024-12-09 12:05:28,100
10,san antonio de pale,-1.4014,5.6325,80.35,77,light rain,5.06,GQ,2024-12-09 12:05:30,19
11,georgetown,5.4112,100.3354,78.73,84,light rain,4.61,MY,2024-12-09 12:05:31,40
12,kununurra,-15.7667,128.7333,82.38,89,overcast clouds,3.44,AU,2024-12-09 12:05:32,100
13,bodo,67.28,14.405,42.84,92,moderate rain,32.21,NO,2024-12-09 12:05:33,100
14,gunjur,13.2019,-16.7339,84.52,35,overcast clouds,5.3,GM,2024-12-09 12:05:34,93
15,puerto ayora,-0.7393,-90.3518,73.54,93,broken clouds,8.99,EC,2024-12-09 12:05:35,68
16,port mathurin,-19.6833,63.4167,77.23,78,overcast clouds,14.83,MU,2024-12-09 12:05:37,96
17,mount gambier,-37.8333,140.7667,48.54,87,clear sky,2.95,AU,2024-12-09 12:05:38,4
18,invercargill,-46.4,168.35,51.03,73,scattered clouds,7.0,NZ,2024-12-09 12:05:39,49
19,sitka,57.0531,-135.33,37.29,81,few clouds,4.61,US,2024-12-09 12:05:41,20
20,arkhangel'sk,64.5401,40.5433,30.31,100,light shower snow,11.18,RU,2024-12-09 12:02:44,100
21,papatowai,-46.5619,169.4708,53.98,53,light rain,12.97,NZ,2024-12-09 12:05:43,60
22,yellowknife,62.456,-114.3525,-8.88,84,few clouds,11.5,CA,2024-12-09 12:05:44,20
23,geraldton,-28.7667,114.6,72.01,83,clear sky,10.36,AU,2024-12-09 12:05:45,0
24,iskateley,67.6803,53.1512,27.46,95,overcast clouds,14.32,RU,2024-12-09 12:05:46,100
25,saldanha,-33.0117,17.9442,65.66,79,clear sky,16.8,ZA,2024-12-09 12:00:51,5
26,tazovsky,67.4667,78.7,13.95,93,overcast clouds,16.91,RU,2024-12-09 12:05:48,100
27,grytviken,-54.2811,-36.5092,35.64,71,broken clouds,5.77,GS,2024-12-09 12:02:38,59
28,kingston,17.997,-76.7936,89.17,70,few clouds,5.75,JM,2024-12-09 12:02:10,20
29,port-aux-francais,-49.35,70.2167,38.35,78,overcast clouds,27.85,TF,2024-12-09 12:01:31,98
30,vilyuchinsk,52.9306,158.4028,25.07,90,light snow,5.88,RU,2024-12-09 12:05:54,99
31,isafjordur,66.0755,-23.124,42.84,70,moderate rain,29.93,IS,2024-12-09 12:05:55,100
32,belokany,41.7258,46.4083,42.89,59,clear sky,4.18,AZ,2024-12-09 12:05:56,4
33,smithers,54.7804,-127.1743,28.72,93,light snow,2.3,CA,2024-12-09 12:05:57,100
34,shubarkuduk,49.1447,56.4872,22.75,48,overcast clouds,5.35,KZ,2024-12-09 12:05:58,99
35,thompson,55.7435,-97.8558,1.56,85,scattered clouds,4.61,CA,2024-12-09 12:03:11,40
36,ilulissat,69.2167,-51.1,26.62,93,light shower snow,13.8,GL,2024-12-09 12:06:01,75
37,iqaluit,63.7506,-68.5145,2.93,71,broken clouds,17.27,CA,2024-12-09 12:06:02,75
38,guerrero negro,27.9769,-114.0611,65.03,58,broken clouds,5.68,MX,2024-12-09 12:06:03,63
39,howard springs,-12.497,131.047,80.51,99,overcast clouds,5.28,AU,2024-12-09 12:06:04,97
40,santa ana,33.7456,-117.8678,57.65,80,haze,4.61,US,2024-12-09 12:06:05,40
41,tura,25.5198,90.2201,60.62,71,overcast clouds,3.85,IN,2024-12-09 12:06:06,98
42,manta,-0.95,-80.7333,82.18,65,scattered clouds,6.91,EC,2024-12-09 12:06:07,40
43,bethel,41.3712,-73.414,47.21,72,overcast clouds,1.99,US,2024-12-09 12:01:15,100
44,yemetsk,63.4721,41.7941,27.1,94,overcast clouds,6.15,RU,2024-12-09 12:06:09,93
45,lata,40.1629,-8.3327,45.93,69,clear sky,5.5,PT,2024-12-09 12:06:10,5
46,ulsteinvik,62.3432,5.8487,41.13,78,few clouds,1.99,NO,2024-12-09 12:06:12,21
47,blackmans bay,-43.0167,147.3167,53.73,88,overcast clouds,5.66,AU,2024-12-09 12:06:13,100
48,edinburgh of the seven seas,-37.0676,-12.3116,61.14,82,overcast clouds,27.67,SH,2024-12-09 12:06:14,89
49,tsiombe,-25.3,45.4833,73.92,71,clear sky,15.39,MG,2024-12-09 12:06:15,5
50,hermanus,-34.4187,19.2345,68.81,67,scattered clouds,6.58,ZA,2024-12-09 12:06:16,25
51,rauma,61.1272,21.5113,34.03,80,scattered clouds,6.78,FI,2024-12-09 12:06:17,45
52,mandal,25.45,74.5667,54.07,33,clear sky,7.25,IN,2024-12-09 12:06:20,2
53,austin,30.2672,-97.7431,74.55,68,clear sky,1.99,US,2024-12-09 11:54:43,0
54,murun-kuren,49.6342,100.1625,7.75,70,broken clouds,3.38,MN,2024-12-09 12:06:22,74
55,wailua homesteads,22.0669,-159.378,70.59,94,scattered clouds,0.0,US,2024-12-09 12:06:23,40
56,cannonvale,-20.2833,148.7,78.19,76,clear sky,5.84,AU,2024-12-09 12:06:25,6
57,waitangi,-43.9535,-176.5597,59.83,98,light rain,1.99,NZ,2024-12-09 12:03:27,100
58,enewetak,11.3474,162.3373,82.0,78,broken clouds,19.33,MH,2024-12-09 12:06:27,57
59,newman,37.3138,-121.0208,49.39,51,clear sky,5.66,US,2024-12-09 12:01:32,10
60,lihue,21.9789,-159.3672,71.19,94,scattered clouds,0.0,US,2024-12-09 12:06:29,40
61,vorgashor,67.5833,63.95,16.21,95,light snow,12.8,RU,2024-12-09 12:06:31,100
62,taoudenni,22.6783,-3.9836,74.93,12,few clouds,0.81,ML,2024-12-09 12:06:32,24
63,i-n-salah,27.1935,2.4607,68.34,21,few clouds,6.22,DZ,2024-12-09 12:06:33,24
64,praia da vitoria,38.7333,-27.0667,66.45,68,scattered clouds,11.32,PT,2024-12-09 12:06:34,40
65,shchyolkino,45.4291,35.8223,49.8,90,few clouds,11.9,UA,2024-12-09 12:06:35,12
66,stanley,54.868,-1.6985,42.19,83,scattered clouds,6.91,GB,2024-12-09 12:06:36,40
67,kavaratti,10.5669,72.642,81.82,74,broken clouds,8.46,IN,2024-12-09 12:06:37,66
68,sirte,31.2089,16.5887,66.63,36,overcast clouds,3.2,LY,2024-12-09 12:06:38,99
69,pangoa,-12.1167,-73.0,68.54,99,overcast clouds,3.02,PE,2024-12-09 12:06:39,100
70,margaret river,-33.95,115.0667,55.98,83,clear sky,12.33,AU,2024-12-09 12:06:41,0
71,touros,-5.1989,-35.4608,85.1,57,clear sky,16.87,BR,2024-12-09 12:06:42,10
72,adamstown,-25.066,-130.1015,73.0,75,clear sky,17.9,PN,2024-12-09 12:06:43,3
73,college,64.8569,-147.8028,30.18,74,broken clouds,9.22,US,2024-12-09 12:06:44,75
74,whitehorse,60.7161,-135.0538,14.31,92,broken clouds,5.01,CA,2024-12-09 12:06:45,84
75,xai-xai,-25.0519,33.6442,79.3,77,scattered clouds,9.6,MZ,2024-12-09 12:06:46,26
76,ngama,11.7833,17.1667,86.54,21,scattered clouds,8.77,TD,2024-12-09 12:06:47,27
77,haiku-pauwela,20.9219,-156.3051,74.05,71,few clouds,13.0,US,2024-12-09 12:06:48,20
78,wahpeton,46.2652,-96.6059,24.82,100,overcast clouds,27.63,US,2024-12-09 12:06:08,100
79,severo-yeniseyskiy,60.3725,93.0408,4.87,88,overcast clouds,14.83,RU,2024-12-09 12:06:50,100
80,khovd,48.0056,91.6419,8.33,76,overcast clouds,3.98,MN,2024-12-09 12:06:51,100
81,faya-largeau,17.9257,19.1043,77.9,20,clear sky,12.41,TD,2024-12-09 12:02:12,4
82,tiksi,71.6872,128.8694,-23.78,100,overcast clouds,5.46,RU,2024-12-09 12:06:54,88
83,aginskoye,51.1,114.53,10.85,77,clear sky,16.87,RU,2024-12-09 12:06:55,9
84,lompoc,34.6391,-120.4579,57.92,76,scattered clouds,6.91,US,2024-12-09 12:06:56,40
85,san patricio,28.017,-97.5169,62.55,63,broken clouds,9.93,US,2024-12-09 12:06:57,60
86,constantia,44.1833,28.65,45.7,84,scattered clouds,11.01,RO,2024-12-09 12:06:58,37
87,kodiak,57.79,-152.4072,40.51,93,light rain,8.05,US,2024-12-09 12:06:59,100
88,shiyan,32.6475,110.7781,39.34,45,overcast clouds,1.43,CN,2024-12-09 12:07:00,99
89,longyearbyen,78.2186,15.6401,28.24,69,light snow,10.36,SJ,2024-12-09 12:07:01,75
90,beledweyne,4.7358,45.2036,88.0,24,scattered clouds,9.26,SO,2024-12-09 12:07:02,31
91,sinabang,2.4803,96.3801,80.22,82,overcast clouds,4.61,ID,2024-12-09 12:07:04,100
92,veraval,20.9,70.3667,68.56,25,overcast clouds,12.01,IN,2024-12-09 12:07:05,100
93,hawaiian paradise park,19.5933,-154.9731,68.9,88,broken clouds,5.75,US,2024-12-09 12:07:06,75
94,badger,64.8,-147.5333,30.11,82,broken clouds,9.22,US,2024-12-09 12:07:07,75
95,ghadamis,30.1337,9.5007,59.25,40,broken clouds,5.73,LY,2024-12-09 12:07:08,72
96,mossel bay,-34.1831,22.146,78.73,74,broken clouds,4.92,ZA,2024-12-09 12:02:27,79
97,port lincoln,-34.7333,135.8667,60.75,78,clear sky,12.1,AU,2024-12-09 12:07:10,0
98,punta arenas,-53.15,-70.9167,55.51,50,broken clouds,20.71,CL,2024-12-09 12:06:48,75
99,butterworth,5.3991,100.3638,78.84,89,light rain,4.61,MY,2024-12-09 12:07:12,40
100,harstad,68.799,16.5293,43.16,97,moderate rain,44.0,NO,2024-12-09 12:07:13,100
101,tucurui,-3.7661,-49.6725,89.37,53,scattered clouds,3.56,BR,2024-12-09 12:07:14,36
102,itoman,26.1247,127.6694,62.1,64,broken clouds,9.24,JP,2024-12-09 12:07:16,56
103,mooirivier,-29.2082,29.9946,79.5,38,broken clouds,7.14,ZA,2024-12-09 12:07:17,62
104,lorengau,-2.0226,147.2712,80.37,82,overcast clouds,5.66,PG,2024-12-09 12:07:18,93
105,yung shue wan,22.2333,114.1167,67.62,77,scattered clouds,1.99,HK,2024-12-09 12:07:19,40
106,north platte,41.1239,-100.7654,40.89,50,clear sky,20.0,US,2024-12-09 12:07:20,0
107,east london,-33.0153,27.9116,76.62,83,broken clouds,5.19,ZA,2024-12-09 12:07:21,51
108,port douglas,-16.4833,145.4667,77.16,82,overcast clouds,5.03,AU,2024-12-09 12:07:22,88
109,klyuchi,52.2667,79.1667,-13.27,100,broken clouds,1.63,RU,2024-12-09 12:07:23,57
110,rosetta,31.4044,30.4164,64.29,64,overcast clouds,9.15,EG,2024-12-09 12:07:24,100
111,zeya,53.75,127.2667,4.82,98,light snow,1.3,RU,2024-12-09 12:07:26,100
112,cabo san lucas,22.8909,-109.9124,77.5,58,few clouds,2.3,MX,2024-12-09 12:07:28,20
113,kilindoni,-7.9139,39.6668,82.06,77,clear sky,10.33,TZ,2024-12-09 12:07:29,10
114,kyren,51.6828,102.1408,5.74,98,overcast clouds,1.39,RU,2024-12-09 12:07:30,99
115,panaba,21.2833,-88.2667,81.93,52,overcast clouds,9.44,MX,2024-12-09 12:07:31,100
116,ancud,-41.8697,-73.8203,55.53,60,few clouds,9.31,CL,2024-12-09 12:03:53,19
117,paradip garh,20.3167,86.6167,74.86,67,overcast clouds,4.74,IN,2024-12-09 12:07:34,100
118,bilibino,68.0546,166.4372,-19.1,94,scattered clouds,0.56,RU,2024-12-09 12:07:35,48
119,saipan,15.1355,145.701,79.5,82,scattered clouds,6.91,MP,2024-12-09 12:04:23,40
120,kidal,18.4411,1.4078,72.59,8,clear sky,3.78,ML,2024-12-09 12:07:37,6
121,ingeniero luis a. huergo,-39.0833,-67.2333,81.57,17,broken clouds,6.89,AR,2024-12-09 12:07:38,56
122,yaransk,57.3033,47.8861,28.08,97,light snow,9.78,RU,2024-12-09 12:07:39,100
123,cidreira,-30.1811,-50.2056,65.53,84,overcast clouds,17.11,BR,2024-12-09 12:07:40,100
124,moranbah,-22.0016,148.0466,78.39,59,scattered clouds,5.03,AU,2024-12-09 12:07:41,30
125,fortaleza,-3.7227,-38.5247,86.13,62,scattered clouds,18.41,BR,2024-12-09 12:05:10,40
126,hadibu,12.65,54.0333,76.69,64,scattered clouds,15.68,YE,2024-12-09 12:07:44,27
127,holualoa,19.6228,-155.9522,69.87,66,clear sky,5.75,US,2024-12-09 12:07:45,0
128,villa de el carmen tequexquitla,19.3278,-97.65,66.4,23,broken clouds,4.07,MX,2024-12-09 12:07:46,77
129,cabinda,-5.55,12.2,80.74,85,light rain,6.38,AO,2024-12-09 12:07:47,54
130,giyani,-23.3025,30.7187,87.08,37,light rain,6.49,ZA,2024-12-09 12:07:48,53
131,lupane,-18.9315,27.807,85.84,26,overcast clouds,2.91,ZW,2024-12-09 12:07:49,92
132,xining,36.6167,101.7667,20.52,96,light snow,3.15,CN,2024-12-09 12:07:50,100
133,gisborne,-38.6533,178.0042,63.28,92,broken clouds,8.5,NZ,2024-12-09 12:07:51,63
134,nova sintra,14.8667,-24.7167,76.21,69,clear sky,15.75,CV,2024-12-09 12:07:52,1
135,chanute,37.6792,-95.4572,50.11,81,overcast clouds,9.22,US,2024-12-09 12:07:54,100
136,groningen,53.25,6.75,43.02,83,overcast clouds,16.11,NL,2024-12-09 12:07:55,100
137,crane,31.3974,-102.3501,64.8,22,clear sky,21.81,US,2024-12-09 12:07:56,3
138,usinsk,65.9939,57.5281,16.41,95,light snow,15.35,RU,2024-12-09 12:07:57,100
139,benghazi,32.1167,20.0667,66.42,56,overcast clouds,11.12,LY,2024-12-09 12:07:58,100
140,olonkinbyen,70.9221,-8.7187,29.17,98,overcast clouds,7.76,SJ,2024-12-09 12:07:59,100
141,ulcinj,41.9294,19.2244,48.97,89,overcast clouds,12.17,ME,2024-12-09 12:08:00,100
142,arraial do cabo,-22.9661,-42.0278,82.26,74,clear sky,9.22,BR,2024-12-09 12:07:36,0
143,antsiranana,-12.2787,49.2917,78.69,77,broken clouds,9.26,MG,2024-12-09 12:07:13,59
144,manaure,11.7751,-72.4445,87.53,57,clear sky,22.66,CO,2024-12-09 12:08:03,1
145,petropavlovsk-kamchatsky,53.0452,158.6483,23.59,68,light snow,4.47,RU,2024-12-09 12:08:04,75
146,hualien city,23.9769,121.6044,64.33,93,overcast clouds,3.98,TW,2024-12-09 12:08:07,94
147,suva,-18.1416,178.4415,76.48,94,scattered clouds,4.61,FJ,2024-12-09 12:06:11,40
148,knyaze-volkonskoye,48.4642,135.4567,-1.86,100,scattered clouds,3.42,RU,2024-12-09 12:08:09,45
149,hamilton,39.1834,-84.5333,56.19,86,overcast clouds,11.5,US,2024-12-09 12:08:10,100
150,cruzeiro do sul,-29.5128,-51.9853,73.53,76,overcast clouds,6.89,BR,2024-12-09 12:08:11,95
151,shahr-e babak,30.1165,55.1186,47.66,30,scattered clouds,0.36,IR,2024-12-09 12:08:12,44
152,crucecita,-28.95,-58.9833,74.82,48,overcast clouds,11.77,AR,2024-12-09 12:08:13,89
153,west island,-12.1568,96.8225,80.58,94,light intensity drizzle,23.02,CC,2024-12-09 12:08:14,75
154,axim,4.8699,-2.2405,81.91,73,light rain,7.16,GH,2024-12-09 12:08:16,83
155,bogale,16.2833,95.4,76.57,81,scattered clouds,6.06,MM,2024-12-09 12:08:17,34
156,puerto baquerizo moreno,-0.9,-89.6,77.99,73,broken clouds,13.8,EC,2024-12-09 12:08:18,75
157,kostomuksha,64.571,30.5767,27.01,77,snow,11.43,RU,2024-12-09 12:08:19,89
158,kenora,49.8167,-94.4337,18.57,86,light snow,9.22,CA,2024-12-09 12:08:20,100
159,fale old settlement,-9.3852,-171.2468,82.69,68,broken clouds,8.55,TK,2024-12-09 12:08:21,79
160,corni,47.65,26.5833,37.56,99,snow,12.66,RO,2024-12-09 12:08:22,75
161,tomatlan,19.9333,-105.25,89.17,33,scattered clouds,1.95,MX,2024-12-09 12:08:23,34
162,kapa'a,22.0752,-159.319,71.92,94,scattered clouds,0.0,US,2024-12-09 12:08:24,40
163,mermoz boabab,14.7065,-17.4758,79.2,44,overcast clouds,9.04,SN,2024-12-09 12:08:27,93
164,mejit,10.2753,170.8646,81.99,70,few clouds,22.88,MH,2024-12-09 12:08:28,12
165,labrador city,52.9463,-66.9114,8.19,66,few clouds,11.99,CA,2024-12-09 12:06:25,20
166,callao,-12.0667,-77.15,70.09,73,few clouds,10.36,PE,2024-12-09 12:08:30,20
167,udachny,66.4167,112.4,-28.59,100,overcast clouds,3.29,RU,2024-12-09 12:08:31,98
168,tual,-5.6667,132.75,83.73,73,overcast clouds,9.98,ID,2024-12-09 12:08:32,94
169,north bend,43.4065,-124.2243,41.25,93,clear sky,3.44,US,2024-12-09 12:08:33,0
170,christchurch,-43.5333,172.6333,51.94,53,clear sky,6.91,NZ,2024-12-09 12:06:45,0
171,tasqala,51.1167,50.3167,19.94,73,overcast clouds,7.31,KZ,2024-12-09 12:08:37,100
172,miahuatlan de porfirio diaz,16.3333,-96.6,74.61,39,clear sky,4.83,MX,2024-12-09 12:08:38,0
173,prince rupert,54.3161,-130.3201,36.81,81,overcast clouds,6.98,CA,2024-12-09 12:08:39,94
174,clarkston heights-vineland,46.3874,-117.083,38.8,82,overcast clouds,3.44,US,2024-12-09 12:08:40,100
175,kuldiga,56.974,21.9572,29.53,87,clear sky,5.59,LV,2024-12-09 12:08:41,7
176,qaqortoq,60.7167,-46.0333,26.24,80,overcast clouds,8.46,GL,2024-12-09 12:08:42,100
177,mount isa,-20.7333,139.5,80.37,78,scattered clouds,5.75,AU,2024-12-09 12:08:43,42
178,west bay,19.3667,-81.4167,84.27,65,scattered clouds,13.8,KY,2024-12-09 12:08:44,40
179,acapulco de juarez,16.8634,-99.8901,85.82,51,clear sky,3.44,MX,2024-12-09 12:06:15,0
180,santiago del estero,-27.7951,-64.2615,75.47,47,overcast clouds,6.42,AR,2024-12-09 12:08:46,97
181,jiayuguan,39.8167,98.3,20.43,83,light snow,1.57,CN,2024-12-09 12:05:32,100
182,wenxing,28.6667,112.8833,44.31,69,overcast clouds,7.74,CN,2024-12-09 12:08:49,100
183,bengkulu,-3.8004,102.2655,77.22,91,overcast clouds,7.16,ID,2024-12-09 12:07:41,92
184,afaahiti,-17.75,-149.2833,77.14,82,light rain,21.74,PF,2024-12-09 12:08:51,88
185,quellon,-43.1167,-73.6167,55.8,58,broken clouds,7.78,CL,2024-12-09 12:08:53,55
186,tot'ma,59.9747,42.7642,17.4,96,broken clouds,4.43,RU,2024-12-09 12:08:54,57
187,ribeira grande,38.5167,-28.7,66.6,77,few clouds,23.02,PT,2024-12-09 12:08:55,20
188,bijie,27.3125,105.2942,34.36,98,overcast clouds,4.52,CN,2024-12-09 12:08:56,100
189,tavricheskoye,54.5851,73.6395,-8.48,99,scattered clouds,7.4,RU,2024-12-09 12:08:59,28
190,viedma,-40.8135,-62.9967,77.45,35,clear sky,18.1,AR,2024-12-09 12:09:00,9
191,salalah,17.0151,54.0924,78.89,65,scattered clouds,2.3,OM,2024-12-09 12:09:01,40
192,mbaiki,3.8678,17.9892,82.89,33,clear sky,2.44,CF,2024-12-09 12:09:02,4
193,weyburn,49.6668,-103.8511,15.4,92,overcast clouds,15.37,CA,2024-12-09 12:08:29,100
194,terrace,54.5163,-128.6035,33.71,100,mist,2.3,CA,2024-12-09 12:09:04,100
195,burutu,5.3509,5.5076,83.84,61,overcast clouds,9.89,NG,2024-12-09 12:09:05,100
196,okhotsk,59.3833,143.3,2.98,76,overcast clouds,17.67,RU,2024-12-09 12:09:06,97
197,szczecin,53.4289,14.553,43.41,88,overcast clouds,10.0,PL,2024-12-09 12:09:07,92
198,ola,59.5833,151.2833,7.47,79,overcast clouds,11.99,RU,2024-12-09 12:09:08,99
199,gadzhiyevo,69.2551,33.3362,31.53,93,light snow,29.66,RU,2024-12-09 12:09:09,100
200,eyl,7.9803,49.8164,77.04,71,broken clouds,23.22,SO,2024-12-09 12:09:11,62
201,flying fish cove,-10.4217,105.6791,76.68,94,scattered clouds,9.22,CX,2024-12-09 12:04:46,40
202,mahajanga,-15.7167,46.3167,82.83,76,clear sky,13.2,MG,2024-12-09 12:09:13,5
203,raja,8.4596,25.678,82.89,23,overcast clouds,4.29,SS,2024-12-09 12:09:14,91
204,susuman,62.7833,148.1667,-18.99,100,overcast clouds,1.03,RU,2024-12-09 12:09:15,100
205,ingeniero guillermo n. juarez,-23.9,-61.85,65.35,90,overcast clouds,6.2,AR,2024-12-09 12:09:16,100
206,coquimbo,-29.9533,-71.3436,65.98,54,clear sky,14.97,CL,2024-12-09 12:09:17,0
207,hotan,37.0997,79.9269,28.15,46,clear sky,2.59,CN,2024-12-09 12:09:18,0
208,brisas de zicatela,15.8369,-97.0419,84.72,79,clear sky,8.05,MX,2024-12-09 12:09:19,0
209,mbalmayo,3.5167,11.5,79.81,40,scattered clouds,2.35,CM,2024-12-09 12:09:20,34
210,spring creek,40.7266,-115.5859,27.81,66,clear sky,4.83,US,2024-12-09 12:06:51,2
211,bredasdorp,-34.5322,20.0403,72.55,43,few clouds,10.07,ZA,2024-12-09 12:09:22,18
212,la passe,45.5549,-0.8967,43.77,77,overcast clouds,16.55,FR,2024-12-09 12:09:24,100
213,igarka,67.4667,86.5833,11.44,95,snow,14.07,RU,2024-12-09 12:05:56,100
214,hithadhoo,-0.6,73.0833,81.82,73,overcast clouds,13.11,MV,2024-12-09 12:09:26,100
215,daru,-9.0763,143.2092,81.28,82,overcast clouds,7.7,PG,2024-12-09 12:09:27,95
216,sandnessjoen,66.0217,12.6316,42.91,93,heavy intensity rain,19.57,NO,2024-12-09 12:09:28,100
217,taroudant,30.4703,-8.877,69.19,50,overcast clouds,11.97,MA,2024-12-09 12:08:45,100
218,tolanaro,-25.0319,46.9987,75.72,76,overcast clouds,12.91,MG,2024-12-09 12:09:30,96
219,mogadishu,2.0371,45.3438,79.66,85,few clouds,19.75,SO,2024-12-09 12:09:31,15
220,villa gesell,-37.2639,-56.973,67.28,46,overcast clouds,9.13,AR,2024-12-09 12:09:32,98
221,estacion santa engracia,24.0159,-99.2015,78.94,51,broken clouds,4.56,MX,2024-12-09 12:09:33,67
222,valga,57.7778,26.0473,24.01,93,clear sky,2.95,EE,2024-12-09 12:09:34,8
223,happy valley-goose bay,53.3168,-60.3315,14.31,85,light snow,10.36,CA,2024-12-09 12:09:36,100
224,weno,7.4515,151.8468,84.0,77,overcast clouds,13.04,FM,2024-12-09 12:09:37,100
225,bikenibeu village,1.3673,173.1241,81.95,80,light rain,13.31,KI,2024-12-09 12:09:38,77
226,strzegom,50.9626,16.3501,35.82,99,moderate rain,7.78,PL,2024-12-09 12:09:39,100
227,mbandaka,0.0487,18.2603,80.29,59,broken clouds,2.3,CD,2024-12-09 12:09:40,65
228,hasaki,35.7333,140.8333,49.1,44,few clouds,9.8,JP,2024-12-09 12:09:41,20
229,villa juarez,24.6536,-107.5411,75.45,38,clear sky,6.91,MX,2024-12-09 12:09:42,0
230,pantai remis,4.4557,100.6288,75.61,95,moderate rain,5.55,MY,2024-12-09 12:09:43,100
231,nuuk,64.1835,-51.7216,29.01,69,broken clouds,25.32,GL,2024-12-09 12:09:44,75
232,tinajo,29.0788,-13.7081,68.88,56,broken clouds,20.71,ES,2024-12-09 12:09:45,75
233,igrim,63.1906,64.4162,17.06,88,broken clouds,10.22,RU,2024-12-09 12:09:47,74
234,dudinka,69.4058,86.1778,12.06,94,light snow,18.52,RU,2024-12-09 12:09:48,100
235,adam,22.3756,57.5233,71.89,33,clear sky,6.49,OM,2024-12-09 12:09:49,1
236,arlington heights,42.0884,-87.9806,49.91,61,clear sky,10.36,US,2024-12-09 12:07:16,0
237,selfoss,63.9331,-20.9971,40.05,81,overcast clouds,17.16,IS,2024-12-09 12:09:51,100
238,lashio,22.9333,97.75,58.41,99,clear sky,0.45,MM,2024-12-09 12:09:53,4
239,aasiaat,68.7098,-52.8699,24.48,89,light snow,5.95,GL,2024-12-09 12:09:54,100
240,pointe-noire,-4.7761,11.8635,79.92,85,scattered clouds,6.42,CG,2024-12-09 12:09:55,31
241,margate,51.3813,1.3862,46.87,83,overcast clouds,5.99,GB,2024-12-09 12:03:59,100
242,beidaihehaibin,39.8222,119.5181,32.81,33,clear sky,4.97,CN,2024-12-09 12:09:57,1
243,atbara,17.7022,33.9864,83.12,25,scattered clouds,11.36,SD,2024-12-09 12:10:00,30
244,nikki,9.9401,3.2108,86.29,22,scattered clouds,3.87,BJ,2024-12-09 12:10:01,38
245,mar del plata,-38.0023,-57.5575,72.52,33,clear sky,10.36,AR,2024-12-09 12:05:23,0
246,montepuez,-13.1256,38.9997,79.12,59,scattered clouds,2.91,MZ,2024-12-09 12:10:03,42
247,kedrovyy,56.1667,91.8167,-9.96,97,broken clouds,5.01,RU,2024-12-09 12:10:04,71
248,urengoy,65.9667,78.3667,13.82,93,overcast clouds,16.71,RU,2024-12-09 12:10:05,100
249,torbeyevo,54.0797,43.2473,27.21,89,overcast clouds,8.63,RU,2024-12-09 12:10:06,100
250,chonchi,-42.6128,-73.8092,61.48,45,scattered clouds,1.99,CL,2024-12-09 12:10:08,49
251,al ghayzah,16.2079,52.176,75.92,62,broken clouds,6.35,YE,2024-12-09 12:10:09,61
252,meadow lakes,61.6247,-149.6011,42.24,66,overcast clouds,5.61,US,2024-12-09 12:10:10,100
253,brookings,44.3114,-96.7984,32.18,85,overcast clouds,20.71,US,2024-12-09 12:10:11,100
254,new norfolk,-42.7826,147.0587,53.92,81,overcast clouds,3.29,AU,2024-12-09 12:10:12,100
255,agat village,13.3886,144.6585,78.37,89,few clouds,8.05,GU,2024-12-09 12:10:13,20
256,luanda,-8.8368,13.2343,80.76,83,scattered clouds,15.23,AO,2024-12-09 12:10:14,47
257,lower hutt,-41.2167,174.9167,59.23,77,clear sky,12.66,NZ,2024-12-09 12:10:15,1
258,conde,-7.2597,-34.9075,85.46,58,broken clouds,16.11,BR,2024-12-09 12:07:51,75
259,pyt-yakh,60.7499,72.8582,14.7,83,overcast clouds,12.1,RU,2024-12-09 12:09:08,100
260,kachug,53.9606,105.8817,-11.29,98,broken clouds,4.03,RU,2024-12-09 12:10:19,51
261,wellington,-41.2866,174.7756,56.86,77,clear sky,12.66,NZ,2024-12-09 12:07:47,0
262,luna,10.9667,123.2333,79.61,89,overcast clouds,11.03,PH,2024-12-09 12:10:21,96
263,nagornyy,52.7959,83.5498,-13.49,100,overcast clouds,1.48,RU,2024-12-09 12:10:22,86
264,willowmore,-33.2926,23.4895,80.46,32,broken clouds,12.88,ZA,2024-12-09 12:10:23,52
265,richards bay,-28.783,32.0377,78.44,85,overcast clouds,15.35,ZA,2024-12-09 12:10:25,100
266,marka,1.7159,44.7717,79.36,84,few clouds,17.47,SO,2024-12-09 12:10:26,22
267,avarua,-21.2078,-159.775,75.25,94,light rain,11.5,CK,2024-12-09 12:10:27,75
268,hammerfest,70.6634,23.6821,39.65,87,moderate rain,34.52,NO,2024-12-09 12:10:28,75
269,kismayo,-0.3582,42.5454,79.92,83,scattered clouds,14.54,SO,2024-12-09 12:10:30,29
270,grenada,37.1882,-3.6067,48.56,41,clear sky,8.05,ES,2024-12-09 12:10:31,0
271,tazacorte,28.629,-17.9293,67.15,75,broken clouds,11.5,ES,2024-12-09 12:10:32,75
272,swift current,50.2834,-107.8014,25.61,100,overcast clouds,16.11,CA,2024-12-09 12:10:33,100
273,berezovyy,51.6667,135.7,-8.37,89,few clouds,4.81,RU,2024-12-09 12:10:34,15
274,sinop,41.7711,34.8709,50.74,76,few clouds,13.56,TR,2024-12-09 12:07:08,18
275,oak hills,45.5412,-122.8412,44.42,95,mist,1.01,US,2024-12-09 12:10:36,100
276,wongsorejo,-7.9908,114.4009,77.58,91,overcast clouds,2.64,ID,2024-12-09 12:10:37,100
277,thunder bay,48.4001,-89.3168,24.76,93,snow,12.39,CA,2024-12-09 12:10:38,100
278,khandyga,62.6667,135.6,-29.67,100,overcast clouds,2.66,RU,2024-12-09 12:10:39,92
279,dryden,49.7833,-92.7503,14.29,85,light snow,11.5,CA,2024-12-09 12:10:41,75
280,uliastay,47.7417,96.8444,7.05,74,overcast clouds,3.8,MN,2024-12-09 12:10:42,100
281,bokoro,12.3807,17.0568,87.78,21,few clouds,9.35,TD,2024-12-09 12:10:43,24
282,la romana,18.4273,-68.9728,86.36,66,broken clouds,13.8,DO,2024-12-09 12:10:44,75
283,fort bragg,35.139,-79.006,54.82,89,overcast clouds,5.75,US,2024-12-09 12:10:45,100
284,kouroussa,10.65,-9.8833,90.79,18,scattered clouds,2.24,GN,2024-12-09 12:10:47,36
285,fortuna,40.5982,-124.1573,38.32,100,clear sky,12.66,US,2024-12-09 12:10:48,0
286,east ballina,-28.8667,153.5833,73.94,95,light rain,1.48,AU,2024-12-09 12:10:50,100
287,yen bai,21.7,104.8667,63.99,72,overcast clouds,1.16,VN,2024-12-09 12:10:51,99
288,ryotsu-minato,38.0833,138.4333,42.3,70,broken clouds,8.9,JP,2024-12-09 12:10:53,60
289,mitchell,43.7094,-98.0298,33.78,73,overcast clouds,27.63,US,2024-12-09 12:10:54,100
290,turiacu,-1.6633,-45.3717,83.26,75,overcast clouds,6.67,BR,2024-12-09 12:10:55,98
291,pacific grove,36.6177,-121.9166,58.42,66,clear sky,10.36,US,2024-12-09 12:10:56,0
292,newcastle,-32.9272,151.7765,71.78,94,overcast clouds,3.44,AU,2024-12-09 12:10:57,100
293,machico,32.7,-16.7667,66.7,82,light intensity shower rain,20.71,PT,2024-12-09 12:10:58,75
294,lexington park,38.2668,-76.4538,55.08,76,light rain,11.5,US,2024-12-09 12:11:01,100
295,hun,29.1268,15.9477,66.56,19,overcast clouds,8.93,LY,2024-12-09 12:11:02,91
296,ocean shores,46.9737,-124.1563,42.96,96,mist,5.75,US,2024-12-09 12:11:03,100
297,alice springs,-23.7,133.8833,72.95,100,overcast clouds,4.61,AU,2024-12-09 12:11:04,97
298,benguela,-12.5763,13.4055,81.34,78,overcast clouds,6.02,AO,2024-12-09 12:11:05,96
299,nalut,30.3333,10.85,57.36,45,broken clouds,5.12,LY,2024-12-09 12:11:06,73
300,torghay,49.6339,63.4981,10.33,93,few clouds,2.44,KZ,2024-12-09 12:11:07,15
301,anadyr,64.75,177.4833,3.7,84,light snow,15.66,RU,2024-12-09 12:11:08,100
302,odacho-oda,35.1833,132.5,46.99,73,overcast clouds,10.0,JP,2024-12-09 12:11:10,99
303,longgang,37.6508,120.3286,40.23,50,broken clouds,8.79,CN,2024-12-09 12:11:11,82
304,sooke,48.3746,-123.7276,43.66,90,overcast clouds,5.73,CA,2024-12-09 12:11:12,98
305,santa cruz,-17.8,-63.1667,82.45,89,broken clouds,14.97,BO,2024-12-09 12:11:13,75
306,roma,43.2128,-75.4557,36.66,94,mist,11.5,US,2024-12-09 12:08:03,100
307,lebu,-37.6167,-73.65,58.21,65,clear sky,15.41,CL,2024-12-09 12:11:15,1
308,benoy,8.9833,16.3199,85.46,25,broken clouds,4.25,TD,2024-12-09 12:11:16,79
309,nova vicosa,-17.8919,-39.3719,87.93,53,scattered clouds,18.39,BR,2024-12-09 12:11:17,27
310,aripuana,-9.1667,-60.6333,94.57,44,light rain,0.65,BR,2024-12-09 12:11:19,17
311,lubumbashi,-11.6609,27.4794,70.93,66,broken clouds,3.51,CD,2024-12-09 12:11:20,76
312,barcelos,41.5388,-8.6151,50.4,72,few clouds,6.55,PT,2024-12-09 12:11:21,12
313,kapuskasing,49.4169,-82.4331,15.84,81,overcast clouds,12.19,CA,2024-12-09 12:11:22,100
314,talnakh,69.4865,88.3972,7.27,96,light snow,14.14,RU,2024-12-09 12:11:23,100
315,okoneshnikovo,54.8377,75.0834,-8.68,99,scattered clouds,7.43,RU,2024-12-09 12:11:25,35
316,nizhniy kuranakh,58.8353,125.4869,-1.5,99,overcast clouds,2.53,RU,2024-12-09 12:11:26,100
317,castillos,-34.1667,-53.8333,68.49,47,scattered clouds,10.98,UY,2024-12-09 12:11:27,42
318,sao gabriel da cachoeira,-0.1303,-67.0892,89.42,57,broken clouds,2.33,BR,2024-12-09 12:11:28,66
319,bima,-8.4667,118.7167,76.53,91,light rain,1.88,ID,2024-12-09 12:11:29,100
320,oranjemund,-28.55,16.4333,65.35,76,clear sky,20.83,NA,2024-12-09 12:11:30,1
321,skeldon,5.8833,-57.1333,82.96,73,scattered clouds,7.87,GY,2024-12-09 12:11:32,30
322,pisco,-13.7,-76.2167,73.45,64,clear sky,9.22,PE,2024-12-09 12:11:33,0
323,tamanrasset,22.785,5.5228,69.71,7,clear sky,4.61,DZ,2024-12-09 12:11:34,0
324,kalinkavichy,52.1323,29.3257,36.55,81,overcast clouds,11.61,BY,2024-12-09 12:11:35,100
325,camiri,-20.05,-63.5167,71.38,83,light intensity drizzle,0.0,BO,2024-12-09 12:11:36,100
326,port macquarie,-31.4333,152.9167,72.07,99,moderate rain,1.01,AU,2024-12-09 12:11:37,99
327,vadso,70.0744,29.7487,37.56,75,broken clouds,28.77,NO,2024-12-09 12:11:38,75
328,tamandare,-8.7597,-35.1047,83.44,57,scattered clouds,10.07,BR,2024-12-09 12:10:14,25
329,muisne,0.6,-80.0333,74.66,83,overcast clouds,6.46,EC,2024-12-09 12:11:40,96
330,kokologo,12.1897,-1.8856,86.4,15,clear sky,6.51,BF,2024-12-09 12:08:58,1
331,walvis bay,-22.9575,14.5053,64.24,79,broken clouds,7.18,NA,2024-12-09 12:11:42,64
332,sellersburg,38.3981,-85.755,56.03,84,overcast clouds,1.99,US,2024-12-09 12:09:22,99
333,huatabampo,26.8333,-109.6333,72.52,15,clear sky,5.75,MX,2024-12-09 12:11:45,0
334,los frentones,-26.4077,-61.4137,60.84,93,overcast clouds,5.35,AR,2024-12-09 12:11:46,100
335,nahiyat ash shinafiyah,31.5874,44.6602,63.43,46,clear sky,12.73,IQ,2024-12-09 12:11:47,0
336,yambio,4.5721,28.3955,80.47,35,broken clouds,3.89,SS,2024-12-09 12:11:48,56
337,vila do maio,15.1333,-23.2167,76.53,69,broken clouds,11.99,CV,2024-12-09 12:11:49,73
338,kindu,-2.95,25.95,71.73,96,light rain,0.98,CD,2024-12-09 12:11:50,83
339,pangai,-19.8,-174.35,78.84,84,clear sky,19.53,TO,2024-12-09 12:07:19,0
340,alofi,-19.0595,-169.9187,77.81,83,few clouds,20.67,NU,2024-12-09 12:11:53,11
341,papao,-17.75,-149.55,77.67,80,light rain,23.11,PF,2024-12-09 12:11:55,82
342,kone,-21.0595,164.8658,75.11,83,scattered clouds,2.95,NC,2024-12-09 12:11:56,38
343,jamestown,42.097,-79.2353,44.24,100,light rain,6.91,US,2024-12-09 12:11:27,100
344,yantarnyy,54.8717,19.9381,38.98,88,broken clouds,19.69,RU,2024-12-09 12:11:58,78
345,dosso,13.049,3.1937,82.22,19,few clouds,6.93,NE,2024-12-09 12:11:42,16
346,imbituba,-28.24,-48.6703,64.29,89,overcast clouds,8.59,BR,2024-12-09 12:12:00,100
347,broken hill,-31.95,141.4333,68.41,39,scattered clouds,8.08,AU,2024-12-09 12:12:01,31
348,horta,38.5333,-28.6333,65.84,83,few clouds,23.02,PT,2024-12-09 12:12:02,20
349,panjakent,39.4952,67.6093,30.47,38,few clouds,3.65,TJ,2024-12-09 12:12:03,21
350,muli,2.9167,73.5667,82.36,72,overcast clouds,7.11,MV,2024-12-09 12:12:04,99
351,celestun,20.8667,-90.4,81.16,56,overcast clouds,4.38,MX,2024-12-09 12:12:05,88
352,ghanzi,-21.5667,21.7833,93.63,17,broken clouds,12.39,BW,2024-12-09 12:12:07,55
353,chibougamau,49.9168,-74.3659,10.76,85,broken clouds,4.14,CA,2024-12-09 12:12:08,57
354,penapolis,-21.4197,-50.0775,92.32,42,overcast clouds,6.51,BR,2024-12-09 12:12:09,92
355,tobelo,1.7284,128.0095,81.46,83,overcast clouds,7.2,ID,2024-12-09 12:12:10,95
356,urbana,40.1106,-88.2073,51.12,76,clear sky,12.66,US,2024-12-09 12:12:11,0
357,kuala tungkal,-0.8167,103.4667,78.37,83,overcast clouds,9.84,ID,2024-12-09 12:12:12,100
358,carnarvon,-24.8667,113.6333,73.02,85,overcast clouds,8.3,AU,2024-12-09 12:12:13,100
359,izola,45.5369,13.6619,47.55,58,broken clouds,3.44,SI,2024-12-09 12:12:14,75
360,messaad,34.1543,3.5031,49.14,45,clear sky,9.8,DZ,2024-12-09 12:12:15,7
361,greenville,35.6127,-77.3663,53.15,94,overcast clouds,9.22,US,2024-12-09 12:09:49,100
362,el haouaria,37.05,11.0144,56.39,65,few clouds,16.24,TN,2024-12-09 12:12:17,20
363,namtsy,62.7161,129.6658,-15.45,99,overcast clouds,3.62,RU,2024-12-09 12:12:20,100
364,mosjoen,65.836,13.1908,41.52,81,moderate rain,7.0,NO,2024-12-09 12:12:21,75
365,rio grande,-32.035,-52.0986,68.0,54,scattered clouds,13.47,BR,2024-12-09 12:12:22,42
366,colonia,50.9333,6.95,42.96,78,broken clouds,12.66,DE,2024-12-09 12:12:23,75
367,bedford,52.1346,-0.4663,45.52,60,broken clouds,18.41,GB,2024-12-09 12:12:24,75
368,magadan,59.5667,150.8,11.3,75,overcast clouds,10.65,RU,2024-12-09 12:12:25,98
369,kalmunai,7.4167,81.8167,77.11,85,overcast clouds,8.32,LK,2024-12-09 12:12:26,91
370,anjiang,27.3194,110.1031,42.91,80,overcast clouds,3.22,CN,2024-12-09 12:12:27,100
371,kem',64.9555,34.5793,28.11,78,overcast clouds,10.18,RU,2024-12-09 12:12:29,87
372,namibe,-15.1961,12.1522,74.73,76,overcast clouds,9.4,AO,2024-12-09 12:12:30,94
373,ulladulla,-35.35,150.4667,61.02,89,few clouds,5.08,AU,2024-12-09 12:12:31,15
374,egilsstadir,65.2653,-14.3948,43.09,90,overcast clouds,13.51,IS,2024-12-09 12:09:58,94
375,ta`u,-14.2336,-169.5144,81.43,66,overcast clouds,10.71,AS,2024-12-09 12:12:33,100
376,muroto-misakicho,33.2833,134.15,52.65,59,broken clouds,9.37,JP,2024-12-09 12:12:34,76
377,yreka,41.7354,-122.6345,33.48,84,fog,0.0,US,2024-12-09 12:12:35,100
378,aitape,-3.1374,142.3475,77.22,94,overcast clouds,4.7,PG,2024-12-09 12:12:36,88
379,kegeyli shahar,42.7767,59.6078,24.15,46,broken clouds,11.9,UZ,2024-12-09 12:12:37,76
380,ventspils,57.3894,21.5606,30.13,100,overcast clouds,5.75,LV,2024-12-09 12:12:38,100
381,changleng,28.7,115.8167,49.28,53,overcast clouds,5.37,CN,2024-12-09 12:12:39,99
382,pirallahi,40.4723,50.333,42.94,63,overcast clouds,15.08,AZ,2024-12-09 12:12:41,97
383,altpinar,39.2042,32.7478,47.5,76,overcast clouds,5.06,TR,2024-12-09 12:12:42,87
384,ribeira brava,32.65,-17.0667,66.7,67,overcast clouds,6.89,PT,2024-12-09 12:12:43,88
385,rawson,-43.3002,-65.1023,68.29,42,clear sky,12.66,AR,2024-12-09 12:08:37,0
386,kourou,5.1552,-52.6478,82.51,72,scattered clouds,7.99,GF,2024-12-09 12:08:38,34
387,kampung sungai ara,5.327,100.2735,78.71,89,light rain,5.01,MY,2024-12-09 12:12:46,40
388,bayganin,48.6947,55.8742,21.69,53,overcast clouds,7.31,KZ,2024-12-09 12:12:47,99
389,dzhangala,49.2167,50.3333,22.41,48,few clouds,9.71,KZ,2024-12-09 12:12:48,15
390,springbok,-29.6643,17.8865,82.36,16,clear sky,13.13,ZA,2024-12-09 12:12:49,3
391,aykhal,66.0,111.5,-24.16,100,overcast clouds,3.91,RU,2024-12-09 12:12:51,93
392,kribi,2.95,9.9167,80.91,79,broken clouds,9.89,CM,2024-12-09 12:12:52,70
393,westport,41.1415,-73.3579,50.27,75,light rain,11.5,US,2024-12-09 12:12:53,75
394,arkalyk,50.2486,66.9114,-2.63,97,clear sky,8.34,KZ,2024-12-09 12:12:54,3
395,halifax,44.6453,-63.5724,36.45,70,few clouds,8.01,CA,2024-12-09 12:12:55,23
396,valparaiso,-33.0393,-71.6273,79.03,43,clear sky,13.8,CL,2024-12-09 12:09:26,0
397,farah,32.5,62.5,42.03,21,overcast clouds,2.91,AF,2024-12-09 12:12:57,94
398,homosassa springs,28.8036,-82.5759,77.09,66,clear sky,5.75,US,2024-12-09 12:12:58,0
399,lubang,13.8584,120.124,82.0,82,broken clouds,29.53,PH,2024-12-09 12:12:59,61
400,bardai,11.65,7.2333,77.7,22,clear sky,9.33,NG,2024-12-09 12:13:00,3
401,sao vicente,-23.9631,-46.3919,74.98,26,moderate rain,1.99,BR,2024-12-09 12:12:51,100
402,idfu,24.9803,32.8747,69.67,20,clear sky,10.09,EG,2024-12-09 12:08:12,0
403,khorixas,-20.3667,14.9667,82.67,41,overcast clouds,11.5,NA,2024-12-09 12:13:06,94
404,maintirano,-18.0667,44.0167,83.01,82,few clouds,9.06,MG,2024-12-09 12:13:07,20
405,siracusa,37.0881,15.2792,55.62,72,clear sky,13.89,IT,2024-12-09 12:13:08,1
406,poronaysk,49.2167,143.1167,11.34,83,broken clouds,8.66,RU,2024-12-09 12:09:12,57
407,san juan de miraflores,-12.1629,-76.9635,68.52,81,broken clouds,7.65,PE,2024-12-09 12:13:11,83
408,saint-joseph,-21.3667,55.6167,77.38,75,clear sky,7.94,RE,2024-12-09 12:13:12,4
409,calvinia,-31.4707,19.776,82.96,13,clear sky,17.0,ZA,2024-12-09 12:13:14,6
410,kavieng,-2.5744,150.7967,82.47,79,scattered clouds,9.95,PG,2024-12-09 12:13:15,35
411,mirny,62.5353,113.9611,-11.07,97,overcast clouds,6.22,RU,2024-12-09 12:13:16,100
412,n'zeto,-7.2312,12.8666,81.43,81,scattered clouds,6.85,AO,2024-12-09 12:12:48,30
413,luena,-11.7833,19.9167,67.51,78,overcast clouds,4.76,AO,2024-12-09 12:13:18,90
414,port saint john's,-31.6229,29.5448,77.18,94,few clouds,9.22,ZA,2024-12-09 12:13:20,12
415,nacala,-14.5428,40.6728,80.83,81,clear sky,6.35,MZ,2024-12-09 12:10:34,8
416,illizi,26.4833,8.4667,66.88,18,broken clouds,6.31,DZ,2024-12-09 12:13:22,83
417,naze,28.3667,129.4833,56.88,65,broken clouds,7.54,JP,2024-12-09 12:13:23,62
418,thief river falls,48.1191,-96.1812,21.13,93,overcast clouds,21.85,US,2024-12-09 12:13:24,100
419,al kharijah,25.4514,30.5464,64.4,25,clear sky,9.26,EG,2024-12-09 12:13:25,1
420,qarchi gak,37.04,66.7889,39.97,45,overcast clouds,12.39,AF,2024-12-09 12:13:26,92
421,pariaman,-0.619,100.12,80.65,86,overcast clouds,3.85,ID,2024-12-09 12:13:27,87
422,santa luzia,-19.7697,-43.8514,94.1,37,broken clouds,6.22,BR,2024-12-09 12:09:06,65
423,kaihua,23.3687,104.28,51.12,93,overcast clouds,8.59,CN,2024-12-09 12:13:29,100
424,santyoku,37.4406,129.1708,34.16,62,clear sky,8.84,KR,2024-12-09 12:13:30,0
425,san julian,21.0167,-102.1667,65.48,46,broken clouds,5.23,MX,2024-12-09 12:13:32,70
426,altay,47.8667,88.1167,4.64,85,overcast clouds,4.97,CN,2024-12-09 12:13:33,100
427,pemangkat,1.1667,108.9667,79.21,86,overcast clouds,5.55,ID,2024-12-09 12:13:34,100
428,tadjourah,12.0,42.5,76.26,43,clear sky,10.31,DJ,2024-12-09 12:13:35,9
429,tawau,4.2498,117.8871,77.94,94,broken clouds,1.01,MY,2024-12-09 12:13:36,64
430,skovorodino,53.9833,123.9167,-9.02,100,overcast clouds,1.48,RU,2024-12-09 12:13:37,96
431,alo,6.5486,4.2686,81.7,65,broken clouds,9.37,NG,2024-12-09 12:13:38,77
432,muravlenko,63.7898,74.523,13.75,93,overcast clouds,19.53,RU,2024-12-09 12:13:39,100
433,korsakov,46.6328,142.7813,15.64,61,scattered clouds,20.47,RU,2024-12-09 12:13:41,36
434,batroun,34.2553,35.6581,63.28,75,overcast clouds,6.44,LB,2024-12-09 12:13:43,100
435,harper,4.375,-7.7169,82.15,70,light rain,6.22,LR,2024-12-09 12:13:44,79
436,ruidoso,33.3317,-105.673,53.74,28,clear sky,12.66,US,2024-12-09 12:10:38,0
437,malanje,-9.5402,16.341,69.53,89,light rain,3.29,AO,2024-12-09 12:13:46,61
438,bontang,0.1333,117.5,79.48,87,overcast clouds,4.14,ID,2024-12-09 12:13:47,100
439,kayyerkan,69.3786,87.7439,9.93,93,light snow,14.9,RU,2024-12-09 12:13:48,100
440,soe,-9.8607,124.284,68.61,98,overcast clouds,1.59,ID,2024-12-09 12:13:49,100
441,somerset east,-32.7217,25.588,77.77,57,few clouds,16.8,ZA,2024-12-09 12:13:50,11
442,tutoia,-2.7619,-42.2744,84.78,69,overcast clouds,13.31,BR,2024-12-09 12:13:51,95
443,bac giang,21.2667,106.2,65.03,64,overcast clouds,1.72,VN,2024-12-09 12:13:52,96
444,vorkuta,67.5,64.0,16.34,95,light snow,13.11,RU,2024-12-09 12:13:53,100
445,luderitz,-26.6481,15.1594,74.84,49,clear sky,29.08,NA,2024-12-09 12:13:55,0
446,mazatan,14.8667,-92.45,87.87,58,clear sky,0.0,MX,2024-12-09 12:13:56,0
447,xique xique,-10.8217,-42.7311,91.58,40,clear sky,5.35,BR,2024-12-09 12:13:57,0
448,elverum,60.8819,11.5623,13.24,98,scattered clouds,1.99,NO,2024-12-09 12:13:58,44
449,peace river,56.2501,-117.286,19.65,100,broken clouds,4.05,CA,2024-12-09 12:12:09,83
450,hobe sound,27.0595,-80.1364,78.98,69,scattered clouds,10.36,US,2024-12-09 12:09:49,40
451,kuusamo,65.9667,29.1833,24.84,86,broken clouds,8.05,FI,2024-12-09 12:14:01,75
452,urangan,-25.3,152.9,77.63,73,clear sky,10.29,AU,2024-12-09 12:14:02,5
453,velyka bahachka,49.7912,33.7226,36.79,87,overcast clouds,11.61,UA,2024-12-09 12:14:03,89
454,akureyri,65.6835,-18.0878,46.33,76,light rain,19.57,IS,2024-12-09 12:14:04,75
455,rio gallegos,-51.6226,-69.2181,62.65,23,clear sky,5.75,AR,2024-12-09 12:14:05,0
456,uturoa,-16.7333,-151.4333,80.31,77,light rain,20.54,PF,2024-12-09 12:14:07,87
457,uhrichsville,40.3931,-81.3465,54.01,94,overcast clouds,14.72,US,2024-12-09 12:14:08,100
458,polyarnyy,69.1989,33.4478,31.08,93,light snow,28.19,RU,2024-12-09 12:14:09,100
459,nampula,-15.1165,39.2666,81.3,55,broken clouds,7.16,MZ,2024-12-09 12:14:10,60
460,vila franca do campo,37.7167,-25.4333,64.89,99,overcast clouds,8.63,PT,2024-12-09 12:14:11,98
461,codrington,-38.2667,141.9667,52.63,77,few clouds,7.4,AU,2024-12-09 12:14:12,22
462,dauphin,51.1494,-100.0502,17.74,86,light snow,4.61,CA,2024-12-09 12:14:13,100
463,madras,13.0878,80.2785,81.86,90,mist,6.91,IN,2024-12-09 12:10:20,40
464,concepcion,-36.827,-73.0498,64.2,55,clear sky,13.8,CL,2024-12-09 12:09:21,0
465,vila velha,-20.3297,-40.2925,87.75,68,clear sky,17.27,BR,2024-12-09 12:10:40,0
466,miguel ahumada,30.6167,-106.5167,57.52,18,clear sky,10.33,MX,2024-12-09 12:14:18,2
467,sao joao da barra,-21.6403,-41.0511,91.49,88,overcast clouds,13.65,BR,2024-12-09 12:13:34,94
468,nagqu,31.5,92.0,13.87,34,overcast clouds,5.66,CN,2024-12-09 12:14:21,98
469,motygino,58.1831,94.7592,3.18,93,overcast clouds,10.76,RU,2024-12-09 12:14:22,100
470,mezhdurechensk,53.6942,88.0603,-6.3,100,overcast clouds,1.12,RU,2024-12-09 12:14:23,88
471,terenozek,45.05,64.9833,18.63,82,clear sky,8.1,KZ,2024-12-09 12:14:24,2
472,larne,54.85,-5.8167,43.54,84,clear sky,13.42,GB,2024-12-09 12:14:25,4
473,kailua-kona,19.6406,-155.9956,73.6,64,clear sky,5.75,US,2024-12-09 12:14:27,0
474,minas de matahambre,22.5887,-83.9447,78.71,54,overcast clouds,6.55,CU,2024-12-09 12:14:28,90
475,tuam,53.5167,-8.85,35.8,92,clear sky,5.91,IE,2024-12-09 12:14:29,0
476,saudarkrokur,65.7461,-19.6394,40.12,88,overcast clouds,21.07,IS,2024-12-09 12:14:30,100
477,jogindarnagar,31.9833,76.7667,41.31,41,clear sky,8.59,IN,2024-12-09 12:14:31,0
478,nemuro,43.3236,145.575,27.93,67,broken clouds,24.72,JP,2024-12-09 12:14:32,84
479,pechory,57.8164,27.6119,24.15,95,clear sky,2.46,RU,2024-12-09 12:14:33,6
480,sakaraha,-22.9,44.5333,84.04,42,clear sky,11.41,MG,2024-12-09 12:14:34,1
481,puerto lempira,15.2667,-83.7667,86.14,70,scattered clouds,5.75,HN,2024-12-09 12:14:35,40
482,pokrovsk,48.282,37.1758,37.22,82,overcast clouds,13.13,UA,2024-12-09 12:14:36,93
483,ciudad madero,22.2667,-97.8333,78.06,73,clear sky,5.75,MX,2024-12-09 12:10:03,0
484,gamba,-2.65,10.0,78.82,87,moderate rain,6.24,GA,2024-12-09 12:14:38,51
485,ares,-6.1944,-35.1603,86.09,53,scattered clouds,15.64,BR,2024-12-09 12:14:40,33
486,odienne,9.51,-7.5692,87.98,24,overcast clouds,2.1,CI,2024-12-09 12:14:41,100
487,takoradi,4.8845,-1.7554,82.76,68,overcast clouds,9.04,GH,2024-12-09 12:14:42,96
488,magistral'nyy,56.1725,107.4458,3.99,83,broken clouds,6.49,RU,2024-12-09 12:14:43,84
489,grand-lahou,5.1367,-5.0242,83.07,71,scattered clouds,10.83,CI,2024-12-09 12:14:44,47
490,bani walid,31.7566,13.9942,62.96,44,broken clouds,6.51,LY,2024-12-09 12:14:45,82
491,saint-pierre,-21.3393,55.4781,78.48,61,clear sky,11.5,RE,2024-12-09 12:14:46,0
492,choma,-16.8065,26.9531,77.97,38,scattered clouds,6.6,ZM,2024-12-09 12:14:47,35
493,tyuratam,45.6507,63.3156,19.35,72,clear sky,9.28,KZ,2024-12-09 12:14:49,5
494,kodinar,20.7903,70.7031,66.67,23,overcast clouds,9.91,IN,2024-12-09 12:14:50,100
495,ceelbuur,4.685,46.6176,82.22,46,few clouds,20.65,SO,2024-12-09 12:14:51,14
496,carrizal,10.3499,-66.9863,77.79,47,scattered clouds,3.96,VE,2024-12-09 12:14:52,46
497,bandar-e lengeh,26.5579,54.8807,72.43,49,overcast clouds,4.23,IR,2024-12-09 12:14:53,100
498,panauti,27.5814,85.5124,48.52,87,few clouds,4.61,NP,2024-12-09 12:14:54,20
499,itaituba,-4.2761,-55.9836,97.05,38,broken clouds,0.89,BR,2024-12-09 12:14:55,62
500,estevan,49.1334,-102.9842,19.87,91,overcast clouds,15.46,CA,2024-12-09 12:10:09,96
501,klaksvik,62.2266,-6.589,46.81,83,few clouds,27.72,FO,2024-12-09 12:14:57,20
502,waingapu,-9.6567,120.2641,78.57,81,moderate rain,5.86,ID,2024-12-09 12:14:58,100
503,sijunjung,-0.6876,100.9537,72.18,96,overcast clouds,2.06,ID,2024-12-09 12:15:00,89
504,suntar,62.1444,117.6319,-14.51,96,overcast clouds,4.12,RU,2024-12-09 12:15:01,90
505,whakatane,-37.9585,176.9854,63.52,90,broken clouds,1.99,NZ,2024-12-09 12:15:02,80
506,corner brook,48.9667,-57.9484,32.49,88,light snow,12.93,CA,2024-12-09 12:15:03,92
507,mount pearl,47.5166,-52.7813,40.14,88,overcast clouds,10.0,CA,2024-12-09 12:15:04,96
508,agua prieta,31.3,-109.5667,54.39,32,clear sky,3.44,MX,2024-12-09 12:13:19,0
509,nar'yan-mar,67.6713,53.087,27.54,95,overcast clouds,14.29,RU,2024-12-09 12:15:07,100
510,kiffa,16.6166,-11.4045,86.67,10,overcast clouds,5.55,MR,2024-12-09 12:15:08,85
511,abbeville,50.1,1.8333,42.49,90,overcast clouds,17.27,FR,2024-12-09 12:12:14,100
512,albertina,-22.2008,-46.6158,85.35,47,broken clouds,6.87,BR,2024-12-09 12:15:10,81
513,alotau,-10.3069,150.4462,78.22,92,overcast clouds,1.95,PG,2024-12-09 12:15:11,95
514,kuta,-8.7233,115.1723,80.55,89,light rain,16.11,ID,2024-12-09 12:15:12,75
515,boa vista,2.8197,-60.6733,87.78,55,scattered clouds,8.05,BR,2024-12-09 12:14:05,40
516,kasane,-17.8167,25.15,83.21,31,broken clouds,2.62,BW,2024-12-09 12:15:15,75
517,sofifi,0.7349,127.576,80.33,87,broken clouds,7.11,ID,2024-12-09 12:15:16,74
518,kirakira,-10.4544,161.9205,79.0,87,overcast clouds,5.21,SB,2024-12-09 12:15:17,100
519,la paz,-16.5,-68.15,58.98,66,light rain,4.0,BO,2024-12-09 12:15:18,75
520,shemysheyka,52.892,45.3928,20.41,90,overcast clouds,7.4,RU,2024-12-09 12:15:19,98
521,glace bay,46.1969,-59.957,38.97,78,overcast clouds,10.0,CA,2024-12-09 12:15:20,94
522,wangon,-7.5161,109.0539,78.48,92,overcast clouds,0.74,ID,2024-12-09 12:15:21,100
523,acarau,-2.8856,-40.12,86.2,64,overcast clouds,16.44,BR,2024-12-09 12:15:16,89
524,buckhannon,38.994,-80.232,55.27,83,mist,14.97,US,2024-12-09 12:15:26,100
525,makamba,-4.1348,29.804,63.61,90,light rain,2.55,BI,2024-12-09 12:15:27,43
526,dhidhdhoo,6.8833,73.1,82.13,70,scattered clouds,1.97,MV,2024-12-09 12:15:28,36
527,wynyard,-41.0,145.7167,50.18,94,scattered clouds,9.22,AU,2024-12-09 12:15:29,33
528,tadmur,34.5608,38.2805,57.38,61,broken clouds,3.62,SY,2024-12-09 12:15:30,70
529,saint-philippe,-21.3585,55.7679,77.16,76,clear sky,7.49,RE,2024-12-09 12:15:31,3
530,boca do acre,-8.7522,-67.3978,82.53,82,overcast clouds,4.61,BR,2024-12-09 12:15:32,100
531,mugia,43.1041,-9.2179,55.0,73,scattered clouds,18.68,ES,2024-12-09 12:15:33,40
532,lubao,14.9167,120.55,80.31,84,overcast clouds,13.11,PH,2024-12-09 12:15:35,91
533,dalandzadgad,43.5708,104.425,15.57,68,broken clouds,8.55,MN,2024-12-09 12:15:36,58
534,keflavik,64.0049,-22.5624,41.43,60,broken clouds,29.93,IS,2024-12-09 12:15:37,75
535,lake havasu city,34.4839,-114.3224,57.2,21,clear sky,6.91,US,2024-12-09 12:15:38,0
536,port alfred,-33.5906,26.891,75.18,93,broken clouds,1.01,ZA,2024-12-09 12:15:39,59
537,wewak,-3.5534,143.6268,78.84,89,overcast clouds,4.97,PG,2024-12-09 12:15:40,98
538,kruisfontein,-34.0033,24.7314,69.73,82,broken clouds,5.06,ZA,2024-12-09 12:15:41,62
539,floro,61.5996,5.0328,35.56,80,scattered clouds,9.22,NO,2024-12-09 12:11:06,40
540,ewo,-0.8725,14.8206,83.01,56,broken clouds,2.33,CG,2024-12-09 12:15:43,72
541,shitanjing,39.2342,106.3439,25.41,43,overcast clouds,1.92,CN,2024-12-09 12:15:44,100
542,kargasok,59.0556,80.8572,9.3,78,overcast clouds,14.9,RU,2024-12-09 12:15:45,100
543,nishinoomote,30.7333,131.0,56.14,64,clear sky,20.18,JP,2024-12-09 12:15:47,10
544,bel ombre,-4.6167,55.4167,80.44,83,shower rain,5.75,SC,2024-12-09 12:15:48,75
545,saint croix,17.7397,-64.7388,86.45,72,scattered clouds,16.11,VI,2024-12-09 12:15:49,40
546,jinghong,21.991,100.7341,63.43,94,few clouds,2.24,CN,2024-12-09 12:15:50,19
547,woolgoolga,-30.1106,153.2007,73.27,93,overcast clouds,4.59,AU,2024-12-09 12:15:51,100
548,fisterra,42.9049,-9.2629,55.31,72,scattered clouds,18.61,ES,2024-12-09 12:15:52,27
549,loikaw,19.6742,97.2094,63.34,93,broken clouds,3.83,MM,2024-12-09 12:15:53,63
550,vilyuysk,63.7553,121.6247,-24.79,99,overcast clouds,3.83,RU,2024-12-09 12:12:00,98
551,shalkar,47.8288,59.6258,19.02,61,few clouds,6.71,KZ,2024-12-09 12:15:55,13
552,the pas,53.8251,-101.2541,15.82,86,light snow,10.36,CA,2024-12-09 12:15:56,100
553,puerto deseado,-47.7503,-65.8938,57.52,49,scattered clouds,18.5,AR,2024-12-09 12:15:29,47
554,argo,37.6333,22.7333,59.54,69,scattered clouds,2.91,GR,2024-12-09 12:15:59,43
555,northam,51.0333,-4.2167,45.61,74,overcast clouds,21.79,GB,2024-12-09 12:16:00,99
556,summerside,46.3959,-63.7876,26.73,68,broken clouds,11.5,CA,2024-12-09 12:16:01,73
557,tadine,-21.55,167.8833,73.78,91,clear sky,6.62,NC,2024-12-09 12:16:02,0
558,canals,38.9625,-0.5844,54.52,44,broken clouds,11.32,ES,2024-12-09 12:16:04,67
559,dickinson,29.4608,-95.0513,69.1,91,mist,9.22,US,2024-12-09 12:16:05,100
560,pavlovsk,50.4578,40.1081,33.1,71,overcast clouds,10.78,RU,2024-12-09 12:16:06,100
561,yarkovo,57.4028,67.0786,15.26,73,overcast clouds,12.17,RU,2024-12-09 12:16:07,100
562,mawlaik,23.6333,94.4167,60.22,87,broken clouds,0.94,MM,2024-12-09 12:16:08,79
563,krasnoslobodsk,48.7072,44.5714,31.82,74,broken clouds,8.95,RU,2024-12-09 12:16:09,75
564,maun,-19.9833,23.4167,94.96,29,clear sky,13.8,BW,2024-12-09 12:16:10,0
565,nuriootpa,-34.4833,139.0,57.2,73,clear sky,4.29,AU,2024-12-09 12:16:11,0
566,puerto aysen,-45.4,-72.7,55.62,78,overcast clouds,4.65,CL,2024-12-09 12:16:12,98
567,wakkanai,45.4094,141.6739,30.69,54,overcast clouds,23.38,JP,2024-12-09 12:15:35,100
568,laurel,39.0993,-76.8483,51.04,90,overcast clouds,4.61,US,2024-12-09 12:13:07,100
569,pyinmana,19.7333,96.2167,71.31,86,broken clouds,2.37,MM,2024-12-09 12:16:16,75
570,constitucion,-35.3333,-72.4167,67.28,52,clear sky,17.29,CL,2024-12-09 12:12:55,3
571,houma,29.5958,-90.7195,75.99,74,overcast clouds,5.01,US,2024-12-09 12:13:14,100
572,ligny-en-barrois,48.6886,5.3254,37.56,90,overcast clouds,13.65,FR,2024-12-09 12:16:20,89
573,sao miguel do araguaia,-13.275,-50.1628,91.71,49,clear sky,1.63,BR,2024-12-09 12:16:21,5
574,porto novo,6.4965,2.6036,84.04,59,broken clouds,7.38,BJ,2024-12-09 12:16:22,60
575,sarangani,5.4033,125.4636,82.99,81,broken clouds,20.22,PH,2024-12-09 12:16:23,82
